caption,format,timestamp
They always give us reasons,unknown,2025-10-04T08:27:28
Why it's obviously a swindle,unknown,2025-10-04T08:34:36
Healing Kitty Energy,unknown,2025-10-03T12:58:46
It's so lazy to rest,unknown,2025-10-03T12:59:58
fuck it we ball,unknown,2025-10-03T13:40:27
I wonder if you can buy anything with that?,unknown,2025-10-03T13:45:14
They aren‚Äôt always villians,unknown,2025-10-03T13:49:16
Pokemon battles and basically any online game,unknown,2025-10-03T14:01:37
"Cmon YouTube, just add it already",unknown,2025-10-03T14:01:56
My head during the call with my internet provider:,unknown,2025-10-03T14:05:52
they can take you lower,unknown,2025-10-03T14:09:00
A true gentleman,unknown,2025-10-03T14:16:38
Daily Nichijou meme #2729,unknown,2025-10-03T14:20:07
PoopMaxxing,unknown,2025-10-03T14:20:09
So I just created my first meme today.,unknown,2025-10-03T14:21:53
would be ironic if this one takes off,unknown,2025-10-03T14:30:00
Let the race begin,unknown,2025-10-03T14:36:32
The shonen watchers immediately started using it for slander posts,unknown,2025-10-04T08:41:04
The feeling of freedom is unmatched,unknown,2025-10-04T08:53:20
The feeling of freedom is unmatched,unknown,2025-10-04T09:02:35
That's too bad...,unknown,2025-10-04T09:10:53
Let's not forget the Turbo Drive¬©,unknown,2025-10-04T09:14:51
Everything turns into memes,unknown,2025-10-04T09:16:06
It's valid I'd say...,unknown,2025-10-04T09:20:50
Buy right thing üò∂ü§ù,unknown,2025-10-04T09:45:59
I really hate money,unknown,2025-10-04T09:47:56
